Zone,Mean_Ratio46,Mean_AI_Agent,Difference
0-Q1,2.0326939754519606,1.9967494328767719,-0.035944542575188754
Q1-Q2,3.2787248183461233,3.1941688800181827,-0.08455593832794062
Q2-Q3,5.111556317616281,4.945349603667317,-0.1662067139489638
Q3-10,7.5036357616487,7.584157589661986,0.08052182801328645
