Zone,Mean_Ratio46,Mean_AI_Agent,Difference
0-Q1,1.2896512947537355,1.3260868946443631,0.03643559989062761
Q1-Q2,1.7596574774475293,1.8127851260649748,0.053127648617445455
Q2-Q3,3.963646716059744,3.473974307201594,-0.4896724088581501
Q3-10,6.559007373082238,6.819611677203514,0.26060430412127555
