Zone,Mean_Ratio46,Mean_AI_Agent,Difference
0-Q1,1.3526341073631407,1.2882377783979968,-0.06439632896514391
Q1-Q2,1.9757758202390405,2.0742436173892562,0.0984677971502157
Q2-Q3,4.2239533216331635,4.813866658816429,0.5899133371832654
Q3-10,7.676458759315275,8.210965431971562,0.5345066726562875
