Zone,Mean_Ratio46,Mean_AI_Agent,Difference
0-Q1,1.1980192840092816,1.2511068589818588,0.05308757497257721
Q1-Q2,1.6969228687953783,1.7079760483749107,0.011053179579532335
Q2-Q3,5.907713221859713,6.556848421601878,0.6491351997421653
Q3-10,8.94873557642283,8.979205583094181,0.030470006671350802
