file_code,EU27,BE,BG,CZ,DK,DE,EE,IE,EL,ES,FR,HR,IT,CY,LV,LT,LU,HU,MT,NL,AT,PL,PT,RO,SI,SK,FI,SE,UK,IS,NO,CH,ME,MD,MK,AL,RS,TR,US
DX5,0.8404449862846693,0.5303867403314917,0.9642105263157895,0.8639705882352942,0.8506787330316742,0.8686514886164624,0.4305835010060362,0.5672268907563025,0.8162544169611308,1.0565371024734982,0.7867647058823529,0.8803245436105477,0.9724770642201835,0.21774193548387097,0.9083665338645418,0.639344262295082,0.656,0.34615384615384615,0.3293172690763052,0.6254545454545455,0.8219780219780219,0.6835443037974683,0.7426470588235294,1.1126050420168068,0.7581699346405228,1.189409368635438,0.854122621564482,1.0502793296089385,0.5839080459770115,0.9186991869918699,1.1702127659574468,0.9054054054054054,0.9574468085106383,1.8709677419354838,0.6144578313253012,0.5142857142857142,0.9168443496801706,0.30837004405286345,1.0694736842105264
